0226,scans,0000097,DataLength
"header",0028,"lines"
"Date",7/6/2017,"Time",10:49:07 AM
"ID","HAL 7 RC RGA 201 #12750","Version",2
"Scans",6
"Scan ID","Mode","Input","Scanned","Start","Stop","Increment","Dwell","Settle","RS","RelSEM"
"Scan 1","RGA","Faraday","mass",18,18,0.01,100,100,0.9,1,
"Scan 2","RGA","Faraday","mass",28,28,0.01,100,100,1,1,
"Scan 3","RGA","Faraday","mass",32,32,0.01,100,100,0.86,1,
"Scan 4","RGA","Faraday","mass",44,44,0.01,100,100,1.4,1,
"Scan 5","RGA","Faraday","mass",14,14,0.01,100,100,0.072,1,
"Scan 6","RGA","Faraday","mass",2,2,0.01,100,100,0.44,1,
"Environment",
"Global","RGA"
"F1",0,"( 1 = on, 0 = off )"
"F2",1,"( 1 = on, 0 = off )"
"cage",3.0,"V"
"delta-m",0,"%"
"electron-energy",70.0,"V"
"emission",220.000,"uA"
"flush-time",0.500,"s"
"focus",-90,"V"
"inlet",0,""
"mass",5.50,"amu"
"mode-change-delay",1000,"ms"
"multiplier",860,"V"
"resolution",0,"%"
"sample-time",1.000,"s"
"Data",6
"Time","ms","Water","Nitrogen","Oxygen","Carbon Dioxide","Nitrogen","Hydrogen",
00:00:00,    526,           0,           0,           0,           0,           0,  9.7727e-08,
00:00:00,    964,  1.7176e-08,-5.37499e-09,-7.74998e-10, 5.27516e-09,-3.73263e-08,           0,
00:00:06,   6343,   9.436e-09, 2.25749e-09, 8.74998e-10, 3.83928e-10, 4.47915e-09,           0,
00:00:12,  12888, 9.56978e-09, 2.66707e-09, 1.14124e-09, 2.44946e-10, 1.58263e-09, 3.98236e-10,
00:00:28,  28293, 9.60933e-09, 2.58676e-09, 1.00747e-09, 2.14838e-10, 1.91349e-09, 4.37718e-10,
00:01:05,  65178, 9.61722e-09, 2.52904e-09, 9.77298e-10, 2.33174e-10, 1.67072e-09, 4.67916e-10,
00:01:48, 108692, 9.62689e-09, 2.36439e-09,  9.5666e-10, 2.24613e-10, 1.56875e-09, 4.28923e-10,
00:02:32, 152206, 9.57644e-09, 2.18234e-09,  8.8836e-10, 2.33336e-10, 1.34628e-09, 4.29998e-10,
00:03:15, 195721, 9.60289e-09, 2.10234e-09, 8.81948e-10,  2.3084e-10, 1.40883e-09, 4.38745e-10,
00:03:59, 239235, 9.62867e-09, 2.03629e-09,  8.3681e-10, 2.37966e-10, 1.32881e-09, 4.41677e-10,
00:04:42, 282749, 9.81678e-09, 1.91932e-09, 8.01986e-10, 2.31331e-10, 1.42064e-09, 4.31489e-10,
00:05:26, 326263, 1.00894e-08, 1.86978e-09, 7.98248e-10, 2.50935e-10, 1.28596e-09, 4.51743e-10,
00:06:09, 369778, 1.05168e-08, 1.82311e-09, 8.00248e-10, 2.51111e-10,  1.1501e-09, 4.78716e-10,
00:06:53, 413292, 1.12231e-08,  1.7775e-09,  8.0561e-10, 2.47994e-10, 9.83319e-10,  4.6948e-10,
00:07:36, 456806, 1.19928e-08, 1.73982e-09, 8.04923e-10, 2.61063e-10, 1.27999e-09, 5.01389e-10,
00:08:18, 498731, 1.26013e-08, 1.73383e-09, 8.24236e-10, 2.63014e-10, 1.14263e-09, 5.44925e-10,
00:09:00, 540656, 1.29298e-08,  1.7193e-09, 8.39973e-10, 2.73011e-10, 1.26267e-09, 5.01657e-10,
00:09:42, 582581, 1.27208e-08, 1.69066e-09, 8.04948e-10, 2.63528e-10, 1.39689e-09,  4.9032e-10,
00:10:24, 624506, 1.23923e-08, 1.69841e-09,  8.0616e-10, 2.68719e-10, 1.10515e-09, 5.01852e-10,
00:11:06, 666431,  1.1862e-08, 1.65684e-09, 7.71798e-10,  2.8502e-10, 1.13351e-09, 5.06909e-10,
00:11:48, 708356, 1.17497e-08, 1.61649e-09, 7.53736e-10, 3.15151e-10,  1.1925e-09, 5.24232e-10,
00:12:30, 750281, 1.16314e-08, 1.64756e-09, 7.27699e-10, 3.86408e-10, 9.53903e-10, 5.17807e-10,
00:13:12, 792206, 1.18464e-08,  1.6757e-09, 7.39236e-10, 5.25974e-10, 9.25389e-10, 5.39452e-10,
00:13:54, 834131, 1.21462e-08, 1.69634e-09, 7.25923e-10, 7.31036e-10, 1.20996e-09, 5.64177e-10,
00:14:36, 876056, 1.25787e-08, 1.77029e-09,  7.2151e-10, 9.83586e-10,  1.1489e-09, 5.78177e-10,
00:15:17, 917981, 1.27804e-08,    1.88e-09,  7.2176e-10, 1.22613e-09, 1.12336e-09, 5.73389e-10,
00:15:59, 959906, 1.28844e-08,  1.9384e-09, 7.16123e-10, 1.36969e-09, 9.75403e-10, 5.70848e-10,
00:16:41,1.00183e+06,  1.2759e-08, 1.87692e-09, 6.97423e-10, 1.48497e-09, 9.34042e-10, 5.88952e-10,
00:17:20,1.04061e+06, 1.25714e-08,  1.8796e-09, 6.82623e-10, 1.58023e-09, 1.18742e-09, 5.86607e-10,
00:18:02,1.08253e+06, 1.25189e-08, 1.93697e-09, 6.56599e-10, 1.74557e-09, 9.52417e-10, 5.84823e-10,
00:18:44,1.12446e+06, 1.22501e-08, 1.94113e-09, 6.17049e-10, 1.90459e-09,  1.2346e-09, 5.80939e-10,
00:19:26,1.16638e+06, 1.22644e-08, 1.93878e-09, 5.83149e-10, 2.04771e-09, 1.07111e-09, 5.78641e-10,
00:20:08,1.20831e+06, 1.21236e-08, 1.96584e-09, 5.84449e-10, 2.15676e-09, 1.25729e-09, 5.88927e-10,
00:20:50,1.25023e+06, 1.20268e-08, 1.95942e-09,  5.6451e-10, 2.21386e-09, 1.45064e-09, 5.88316e-10,
00:21:32,1.29216e+06, 1.20567e-08, 1.98429e-09, 5.57436e-10,  2.2363e-09,  1.3079e-09, 6.13091e-10,
00:22:14,1.33408e+06, 1.17879e-08,  1.9661e-09, 5.49536e-10, 2.29356e-09, 1.15353e-09, 5.54184e-10,
00:22:56,1.37601e+06,  1.1512e-08, 1.94724e-09, 5.04523e-10, 2.33457e-09, 1.13904e-09,  6.0818e-10,
00:23:37,1.41793e+06, 1.16374e-08, 1.96028e-09, 4.83436e-10,  2.3757e-09, 1.19578e-09, 6.07177e-10,
00:24:19,1.45986e+06, 1.15562e-08, 1.97347e-09, 4.91636e-10, 2.41778e-09, 1.16965e-09, 6.02559e-10,
00:25:01,1.50178e+06, 1.14069e-08, 1.96869e-09, 4.86512e-10, 2.51584e-09, 1.18817e-09, 6.09425e-10,
00:25:43,1.54371e+06, 1.12874e-08, 1.97991e-09, 4.78123e-10, 2.65235e-09, 9.37333e-10, 6.09768e-10,
00:26:25,1.58563e+06, 1.11381e-08, 1.98594e-09, 4.80223e-10, 2.76387e-09, 1.24849e-09, 6.28409e-10,
00:27:04,1.62441e+06, 1.10031e-08, 2.04199e-09, 4.26386e-10, 2.87009e-09, 1.15397e-09, 6.43289e-10,
00:27:46,1.66633e+06, 1.09506e-08, 2.02779e-09, 4.30436e-10, 3.00371e-09,  1.1589e-09, 6.33809e-10,
00:28:28,1.70826e+06, 1.08467e-08, 2.11305e-09, 3.87136e-10, 3.25189e-09, 1.08022e-09, 6.71727e-10,
00:29:10,1.75018e+06, 1.07499e-08, 2.18921e-09, 3.68649e-10, 3.47744e-09, 9.42403e-10, 6.44777e-10,
00:29:52,1.79211e+06, 1.06448e-08, 2.42241e-09, 3.72249e-10, 3.80746e-09, 1.35778e-09, 6.18832e-10,
00:30:34,1.83403e+06, 1.04812e-08, 2.70425e-09, 3.69186e-10, 4.01546e-09, 1.00929e-09, 6.98161e-10,
00:31:12,1.87281e+06, 1.04298e-08, 3.13401e-09, 3.42749e-10, 4.13807e-09, 1.26581e-09, 7.08252e-10,
00:31:54,1.91473e+06, 1.02949e-08, 3.53913e-09, 3.53162e-10, 4.22779e-09, 1.29089e-09, 7.82011e-10,
00:32:36,1.95666e+06, 1.02423e-08, 4.29124e-09, 3.39324e-10,  4.2456e-09, 1.29104e-09, 7.51032e-10,
00:33:18,1.99858e+06,  1.0167e-08, 5.26596e-09, 3.43536e-10, 4.15117e-09, 1.41063e-09,  7.7197e-10,
00:34:00,2.04051e+06, 1.00548e-08, 6.77562e-09, 3.14149e-10, 3.94394e-09, 1.58488e-09, 8.22836e-10,
00:34:42,2.08243e+06, 9.98789e-09,  8.8664e-09, 3.02236e-10,  3.5072e-09, 2.10968e-09, 9.34759e-10,
00:35:25,2.12594e+06, 9.86378e-09, 1.13096e-08, 2.98924e-10, 3.10616e-09, 2.29571e-09, 9.48391e-10,
00:36:07,2.16787e+06, 9.79589e-09,  1.4922e-08, 2.74649e-10, 2.72844e-09, 2.54088e-09, 1.00561e-09,
00:36:46,2.20664e+06, 9.75044e-09, 1.85501e-08, 2.70412e-10, 2.45181e-09, 2.98819e-09, 1.09154e-09,
00:37:28,2.24857e+06, 9.70344e-09, 2.20041e-08, 2.85574e-10, 2.14684e-09,  3.5554e-09, 1.24458e-09,
00:38:07,2.28734e+06, 9.67722e-09, 2.64589e-08, 2.58062e-10,  1.9927e-09, 3.84282e-09,  1.4876e-09,
00:38:49,2.32927e+06, 9.62611e-09, 3.19005e-08, 2.67599e-10, 2.05914e-09, 4.73386e-09,  1.7239e-09,
00:39:31,2.37119e+06, 9.53611e-09, 4.20732e-08, 2.68012e-10, 2.45833e-09,  5.9089e-09, 2.08635e-09,
00:40:13,2.41312e+06, 9.52078e-09, 5.38971e-08, 2.44986e-10, 2.70867e-09, 7.34775e-09, 2.70805e-09,
00:40:55,2.45504e+06, 9.51622e-09,  6.3633e-08, 2.52074e-10, 2.25716e-09, 8.45172e-09, 4.11123e-09,
00:41:36,2.49697e+06, 9.57533e-09,  6.6077e-08, 2.33012e-10,   1.303e-09, 9.58614e-09,  7.2517e-09,
00:42:18,2.53889e+06, 9.63156e-09, 5.70695e-08, 2.59412e-10, 6.91214e-10, 8.20372e-09, 1.02223e-08,
00:43:00,2.58082e+06, 9.72044e-09, 3.88816e-08, 2.38149e-10, 4.64752e-10, 5.53131e-09,  1.0837e-08,
00:43:42,2.62274e+06, 9.72789e-09, 2.36703e-08, 2.42512e-10, 3.66528e-10, 3.60318e-09, 1.09067e-08,
00:44:24,2.66467e+06,   9.802e-09, 1.63797e-08, 2.37786e-10, 3.23344e-10, 2.92175e-09, 1.13192e-08,
00:45:06,2.70659e+06, 9.86356e-09, 1.21743e-08, 2.64174e-10, 2.93098e-10, 2.88114e-09, 1.21283e-08,
00:45:48,2.74852e+06, 9.81344e-09,  9.6814e-09, 2.42362e-10, 2.93728e-10, 2.49622e-09, 1.33871e-08,
00:46:30,2.79044e+06, 9.94844e-09,  8.1087e-09, 2.45524e-10, 2.86955e-10, 2.58939e-09, 1.46632e-08,
00:47:13,2.83396e+06, 9.98144e-09, 6.83777e-09, 2.39099e-10, 2.72296e-10, 2.44322e-09, 1.60194e-08,
00:47:57,2.87747e+06, 1.00478e-08, 6.01514e-09, 2.40836e-10, 2.73141e-10, 2.65479e-09,  1.7382e-08,
00:48:40,2.92098e+06, 1.01324e-08, 5.47696e-09, 2.61936e-10, 2.70684e-10, 2.55833e-09, 1.84941e-08,
00:49:24,2.9645e+06,  1.0205e-08, 5.22952e-09, 2.45424e-10, 2.66761e-10,  2.6321e-09, 1.76761e-08,
00:50:08,3.00801e+06, 1.02838e-08, 4.64486e-09, 2.49236e-10, 2.75361e-10, 2.17268e-09, 1.46672e-08,
00:50:51,3.05152e+06, 1.03172e-08, 4.02162e-09, 2.47262e-10, 2.65109e-10, 2.10296e-09,  1.2215e-08,
00:51:35,3.09504e+06,  1.0314e-08, 3.66372e-09, 2.35174e-10, 2.67099e-10, 1.96246e-09, 1.04005e-08,
00:52:18,3.13855e+06, 1.03081e-08, 3.47881e-09, 2.55212e-10, 2.62007e-10, 1.78136e-09,  8.9423e-09,
00:53:02,3.18207e+06, 1.03449e-08, 3.36215e-09, 2.62586e-10, 2.73149e-10, 1.53471e-09, 7.92818e-09,
00:53:44,3.22464e+06, 1.03791e-08,  3.2691e-09, 2.53862e-10, 2.79975e-10, 1.50156e-09, 7.07914e-09,
00:54:28,3.26816e+06, 1.04346e-08,  3.1416e-09, 2.53924e-10, 2.62468e-10, 1.70222e-09, 6.42625e-09,
00:55:11,3.31167e+06, 1.04434e-08, 3.09592e-09, 2.54949e-10,  2.7116e-10, 1.44437e-09, 5.83373e-09,
00:55:55,3.35518e+06, 1.04357e-08,  3.1051e-09, 2.54662e-10, 2.82071e-10, 1.45274e-09, 5.34139e-09,
00:56:38,3.3987e+06, 1.04657e-08, 3.01758e-09, 2.57824e-10, 2.88982e-10, 1.50574e-09, 4.93234e-09,
00:57:22,3.44221e+06, 1.04091e-08, 3.00003e-09, 2.42249e-10, 2.71122e-10, 1.52456e-09, 4.63141e-09,
00:58:05,3.48573e+06, 1.04483e-08, 2.99151e-09, 2.59386e-10, 2.74524e-10, 1.49901e-09, 4.33111e-09,
00:58:49,3.52924e+06, 1.03909e-08, 2.93634e-09, 2.47512e-10, 2.70807e-10, 1.40376e-09, 4.05214e-09,
00:59:29,3.5696e+06, 1.04189e-08, 2.91819e-09, 2.35936e-10, 2.74846e-10, 1.55351e-09, 3.83061e-09,
01:00:13,3.61312e+06, 1.03914e-08, 2.89912e-09, 2.38986e-10, 2.81227e-10, 1.51246e-09, 3.66243e-09,
01:00:56,3.65663e+06, 1.03624e-08, 2.86105e-09, 2.36486e-10, 2.91562e-10, 1.44661e-09,  3.4942e-09,
01:01:40,3.70015e+06, 1.03694e-08, 2.82889e-09, 2.34162e-10, 2.63466e-10, 1.56247e-09, 3.34425e-09,
01:02:23,3.74366e+06, 1.03564e-08, 2.81917e-09, 2.48724e-10, 2.51834e-10, 1.48408e-09, 3.13309e-09,
01:03:07,3.78718e+06, 1.03606e-08, 2.84793e-09, 2.31099e-10, 2.67398e-10, 1.33418e-09, 3.00541e-09,
01:03:50,3.83069e+06,    1.03e-08, 2.83206e-09, 2.43186e-10, 2.70907e-10, 1.44049e-09, 2.90664e-09,
01:04:31,3.87105e+06, 1.03261e-08, 2.79269e-09, 2.40936e-10, 2.57969e-10, 1.42228e-09, 2.82711e-09,
01:05:14,3.91457e+06,  1.0306e-08, 2.76677e-09, 2.53012e-10, 2.63858e-10, 1.37136e-09, 2.69818e-09,
01:05:58,3.95808e+06,  1.0327e-08, 2.77748e-09, 2.45924e-10, 2.55772e-10, 1.32031e-09,  2.6137e-09,
01:06:41,4.0016e+06, 1.03178e-08, 2.79899e-09, 2.45386e-10, 2.55074e-10,  1.5229e-09, 2.50475e-09,
01:07:25,4.04511e+06, 1.02954e-08, 2.77563e-09, 2.33024e-10, 2.58206e-10, 1.40764e-09, 2.44766e-09,
01:08:08,4.08862e+06, 1.03057e-08, 2.76024e-09, 2.29199e-10, 2.68419e-10, 1.41213e-09,  2.3705e-09,
01:08:52,4.13214e+06, 1.02479e-08, 2.71018e-09, 2.37199e-10, 2.58014e-10, 1.51186e-09, 2.29318e-09,
01:09:35,4.17565e+06, 1.03002e-08, 2.74324e-09, 2.34624e-10, 2.54697e-10, 1.53485e-09, 2.23175e-09,
01:10:19,4.21917e+06,  1.0251e-08,  2.7519e-09, 2.41124e-10, 2.70423e-10, 1.29104e-09, 2.13432e-09,
01:11:02,4.26268e+06, 1.02527e-08, 2.71706e-09, 2.36012e-10, 2.53246e-10, 1.38793e-09, 2.08606e-09,
01:11:43,4.30304e+06, 1.02226e-08, 2.72817e-09, 2.35474e-10, 2.61769e-10, 1.52186e-09, 2.02779e-09,
01:12:23,4.34341e+06, 1.01863e-08, 2.72958e-09, 2.09012e-10, 2.62414e-10, 1.44124e-09, 1.97189e-09,
01:13:06,4.38692e+06, 1.01697e-08, 2.67715e-09, 2.16824e-10, 2.58782e-10, 9.84514e-10, 1.95391e-09,
01:13:50,4.43044e+06, 1.01601e-08, 2.64395e-09, 2.25599e-10, 2.67697e-10, 1.40465e-09,  1.8499e-09,
01:14:33,4.47395e+06, 1.01481e-08, 2.67815e-09, 2.36299e-10, 2.55972e-10, 1.30731e-09, 1.82278e-09,
01:15:17,4.51747e+06, 1.00816e-08,  2.6178e-09, 2.35424e-10, 2.60825e-10, 1.21818e-09, 1.78481e-09,
01:15:57,4.55783e+06, 1.00759e-08, 2.64487e-09, 2.21862e-10, 2.46719e-10, 1.57919e-09, 1.73192e-09,
01:16:41,4.60134e+06, 1.00251e-08, 2.65029e-09, 2.28149e-10, 2.61378e-10, 1.15488e-09, 1.70551e-09,
01:17:24,4.64486e+06, 1.00053e-08, 2.60136e-09, 2.27562e-10, 2.62384e-10, 1.39868e-09, 1.66327e-09,
01:18:08,4.68837e+06, 1.00828e-08, 2.62401e-09, 2.14862e-10, 2.59105e-10, 1.14322e-09, 1.61101e-09,
01:18:51,4.73189e+06, 1.00729e-08, 2.60181e-09, 2.28986e-10, 2.62391e-10, 1.14606e-09, 1.60118e-09,
01:19:35,4.7754e+06, 1.00773e-08, 2.60988e-09, 2.19662e-10, 2.49967e-10, 1.23774e-09, 1.55391e-09,
01:20:18,4.81891e+06, 1.00363e-08, 2.57852e-09, 2.23249e-10, 2.58575e-10, 1.20907e-09, 1.53283e-09,
01:21:02,4.86243e+06, 1.00643e-08, 2.56375e-09, 2.29186e-10, 2.57485e-10,  1.4296e-09, 1.45806e-09,
01:21:45,4.905e+06, 1.00263e-08, 2.56104e-09, 2.33462e-10, 2.50274e-10, 1.35539e-09, 1.46784e-09,
01:22:28,4.94852e+06, 9.99911e-09, 2.56388e-09, 2.17962e-10, 2.49637e-10, 1.38554e-09, 1.45462e-09,
01:23:12,4.99203e+06, 9.98089e-09, 2.53127e-09, 2.18824e-10, 2.44362e-10, 1.37047e-09, 1.39845e-09,
01:23:55,5.03554e+06, 9.99944e-09, 2.53476e-09, 2.16999e-10, 2.60318e-10, 1.27611e-09, 1.38562e-09,
01:24:39,5.07906e+06, 9.94978e-09, 2.56834e-09, 1.94886e-10, 2.58744e-10, 1.43392e-09, 1.36261e-09,
01:25:19,5.11942e+06, 9.96178e-09,   2.557e-09, 2.17286e-10, 2.55788e-10, 1.13949e-09, 1.34675e-09,
01:26:02,5.16294e+06, 9.94111e-09, 2.52637e-09, 2.14649e-10, 2.59911e-10, 1.24415e-09,  1.3262e-09,
01:26:46,5.20645e+06,   9.894e-09, 2.46999e-09, 2.05436e-10, 2.59458e-10, 1.10858e-09, 1.28926e-09,
01:27:29,5.24997e+06, 9.88356e-09, 2.48032e-09, 2.34349e-10, 2.52479e-10, 1.34897e-09, 1.28909e-09,
01:28:10,5.29033e+06, 9.81978e-09, 2.47157e-09, 2.02324e-10, 2.54406e-10, 1.32807e-09, 1.23923e-09,
01:28:53,5.33385e+06, 9.86333e-09,  2.4795e-09, 2.24662e-10, 2.53131e-10, 1.19144e-09, 1.23771e-09,
01:29:37,5.37736e+06, 9.85333e-09, 2.51452e-09, 2.18562e-10, 2.38242e-10, 9.79292e-10, 1.21111e-09,
01:30:20,5.42087e+06, 9.83678e-09, 2.49411e-09, 2.18724e-10, 2.57209e-10, 1.30029e-09, 1.19584e-09,
01:31:01,5.46124e+06, 9.83511e-09, 2.45837e-09, 1.95349e-10, 2.52571e-10, 1.37465e-09, 1.19017e-09,
01:31:44,5.50475e+06, 9.85111e-09, 2.48557e-09, 2.09762e-10, 2.53346e-10, 9.64208e-10, 1.17192e-09,
01:32:28,5.54827e+06, 9.87633e-09, 2.45933e-09, 2.31724e-10, 2.62054e-10, 1.40421e-09, 1.16557e-09,
01:33:11,5.59178e+06, 9.86989e-09,  2.4827e-09, 2.21486e-10, 2.59105e-10, 1.30896e-09, 1.14944e-09,
01:33:55,5.6353e+06, 9.85689e-09, 2.47301e-09, 2.23436e-10,  2.6653e-10, 1.43526e-09,  1.1267e-09,
01:34:35,5.67566e+06, 9.85044e-09, 2.43776e-09, 2.13549e-10, 2.58629e-10, 1.37032e-09, 1.13505e-09,
01:35:19,5.71918e+06,   9.883e-09, 2.42408e-09, 2.06474e-10, 2.58767e-10, 1.37988e-09, 1.08936e-09,
01:36:02,5.76269e+06, 9.86744e-09, 2.41262e-09, 2.10312e-10, 2.60287e-10, 1.35031e-09, 1.14839e-09,
01:36:46,5.8062e+06, 9.86444e-09, 2.41847e-09, 2.00936e-10, 2.67436e-10,  1.2231e-09, 1.07903e-09,
01:37:29,5.84972e+06, 9.83933e-09, 2.42397e-09, 2.25862e-10, 2.61746e-10, 1.15846e-09, 1.10498e-09,
01:38:10,5.89008e+06, 9.86244e-09, 2.41552e-09, 1.94262e-10, 2.74938e-10, 1.32896e-09, 1.07356e-09,
01:38:50,5.93045e+06, 9.81778e-09, 2.38737e-09, 2.07936e-10, 2.85911e-10, 1.53411e-09, 1.05076e-09,
01:39:33,5.97396e+06, 9.82467e-09, 2.40343e-09, 2.11324e-10, 2.60249e-10, 1.13307e-09, 1.08714e-09,
01:40:17,6.01747e+06,   9.768e-09, 2.39223e-09, 2.05262e-10, 2.85005e-10, 1.22803e-09, 1.05262e-09,
01:41:00,6.06099e+06, 9.76289e-09, 2.37542e-09, 2.07099e-10, 2.82809e-10, 1.31851e-09, 1.04785e-09,
01:41:44,6.1045e+06, 9.78789e-09, 2.40748e-09, 2.02286e-10,  2.8727e-10, 1.58442e-09, 1.09796e-09,
01:42:28,6.14802e+06, 9.81867e-09, 2.37117e-09, 1.92149e-10, 2.88959e-10, 1.23982e-09, 1.07747e-09,
01:43:11,6.19153e+06, 9.80933e-09, 2.32883e-09, 1.66287e-10, 2.87838e-10, 1.27999e-09,  1.0437e-09,
01:43:55,6.23504e+06, 9.79533e-09, 2.33261e-09, 2.02999e-10, 2.92737e-10, 1.34613e-09, 1.05108e-09,
01:44:38,6.27856e+06, 9.84322e-09, 2.34925e-09, 1.94949e-10,  2.9673e-10, 1.20772e-09, 1.06048e-09,
01:45:22,6.32207e+06,   9.833e-09, 2.35303e-09, 2.00986e-10, 3.07564e-10, 1.06454e-09, 1.06745e-09,
01:46:02,6.36244e+06, 9.80722e-09, 2.33139e-09, 2.04586e-10, 2.98673e-10,  1.2649e-09, 1.13522e-09,
01:46:45,6.40595e+06, 9.86678e-09, 2.30643e-09, 2.03374e-10, 3.08985e-10, 1.41571e-09, 1.08611e-09,
01:47:29,6.44946e+06, 9.83989e-09, 2.30358e-09, 2.01399e-10, 3.13446e-10, 1.30806e-09, 1.09598e-09,
01:48:12,6.49298e+06, 9.85944e-09, 2.32928e-09, 2.01674e-10,  3.0943e-10, 1.39525e-09,  1.0254e-09,
01:48:56,6.53649e+06,   9.781e-09,   2.321e-09, 2.12112e-10, 3.09092e-10, 1.33194e-09, 1.02911e-09,
01:49:40,6.58001e+06,   9.771e-09, 2.28329e-09, 1.88062e-10, 3.35883e-10, 1.25908e-09, 1.03549e-09,
01:50:23,6.62352e+06, 9.76178e-09,  2.1282e-09, 2.24862e-10, 4.14481e-10, 1.05081e-09, 9.56405e-10,
01:51:06,6.6661e+06, 9.62633e-09, 1.94813e-09, 2.01949e-10, 4.65274e-10, 1.25207e-09,  9.7683e-10,
01:51:49,6.70961e+06, 9.60156e-09, 1.89994e-09, 2.13012e-10, 4.85315e-10, 1.16249e-09, 9.46805e-10,
01:52:33,6.75313e+06, 9.56322e-09, 1.82469e-09, 1.78562e-10, 4.93624e-10, 9.92722e-10, 9.86798e-10,
01:53:16,6.79664e+06, 9.53089e-09, 1.79577e-09, 2.12924e-10, 4.92034e-10, 1.29582e-09, 9.93957e-10,
01:54:00,6.84015e+06, 9.50911e-09, 1.73535e-09, 2.05549e-10, 4.79556e-10, 1.15965e-09, 9.97891e-10,
01:54:43,6.88367e+06,   9.508e-09,  1.7684e-09, 2.10286e-10, 4.71325e-10, 1.21787e-09, 1.01113e-09,
01:55:27,6.92718e+06, 9.51389e-09,  1.7532e-09, 2.35836e-10, 4.40903e-10, 1.26251e-09, 9.93541e-10,
01:56:10,6.9707e+06, 9.44433e-09, 1.71686e-09, 2.51099e-10,  3.8114e-10, 1.29567e-09, 1.01543e-09,
01:56:51,7.01106e+06, 9.48222e-09, 1.76058e-09, 2.89686e-10, 3.55371e-10, 1.16264e-09, 1.02406e-09,
01:57:34,7.05458e+06, 9.43422e-09, 1.71434e-09, 3.02786e-10, 3.21079e-10, 1.16353e-09,  1.0138e-09,
01:58:18,7.09809e+06, 9.38967e-09, 1.69563e-09, 3.24162e-10, 3.01767e-10, 1.17711e-09, 1.02855e-09,
01:59:01,7.1416e+06, 9.50178e-09, 2.23164e-09, 3.09112e-10, 4.20124e-10, 2.21554e-09, 1.01116e-09,
01:59:45,7.18512e+06, 9.61689e-09, 3.55098e-09, 3.63549e-10,  4.8778e-10, 2.66718e-09, 1.05584e-09,
02:00:28,7.22863e+06, 9.64678e-09, 4.12087e-09, 3.71173e-10, 5.30104e-10, 2.93593e-09, 1.01607e-09,
02:01:12,7.27214e+06,   9.758e-09, 4.42229e-09, 3.76086e-10, 5.56411e-10, 3.14197e-09, 1.01519e-09,
02:01:52,7.31251e+06, 9.79344e-09, 4.55796e-09, 3.80374e-10, 5.53701e-10, 3.15288e-09, 1.03894e-09,
02:02:36,7.35602e+06, 9.83811e-09, 4.54336e-09, 4.14749e-10,  5.5863e-10,  3.1581e-09,  1.0868e-09,
02:03:19,7.39954e+06, 9.85167e-09, 4.61337e-09, 4.31536e-10, 5.24806e-10, 3.21185e-09, 1.03813e-09,
02:04:03,7.44305e+06, 9.85989e-09, 4.61918e-09, 4.30049e-10, 5.02246e-10, 3.25649e-09, 1.06596e-09,
02:04:46,7.48657e+06, 9.77844e-09, 4.64256e-09, 4.69136e-10,  4.6347e-10, 3.37847e-09, 1.06481e-09,
02:05:26,7.52693e+06, 9.70489e-09, 4.60301e-09, 4.57723e-10,  4.4637e-10, 3.09331e-09,  1.0534e-09,
02:06:07,7.56729e+06, 9.72144e-09, 4.66023e-09, 4.99712e-10, 4.30314e-10,  3.4376e-09, 1.07426e-09,
02:06:50,7.61081e+06, 9.71433e-09, 4.66089e-09, 5.29173e-10, 4.16231e-10,   3.255e-09, 1.06835e-09,
02:07:34,7.65432e+06, 9.64256e-09,  4.6459e-09, 5.51649e-10, 3.88266e-10, 3.34593e-09, 1.05785e-09,
02:08:17,7.69784e+06, 9.61933e-09, 4.64103e-09, 5.84223e-10,  3.7026e-10, 3.33174e-09, 1.07749e-09,
02:09:01,7.74135e+06, 9.60644e-09, 4.66461e-09,  5.8981e-10, 3.67557e-10,  3.2441e-09, 1.07126e-09,
02:09:40,7.78078e+06, 9.57867e-09, 4.63032e-09, 6.02736e-10, 3.39239e-10, 3.22678e-09, 1.06723e-09,
02:10:24,7.82429e+06, 9.55244e-09, 4.63264e-09, 6.05386e-10, 3.26177e-10, 3.36787e-09, 1.06395e-09,
02:11:06,7.86686e+06,   9.524e-09, 4.61723e-09, 6.37199e-10,  3.2286e-10, 3.23096e-09, 1.06967e-09,
02:11:50,7.91038e+06, 9.50144e-09, 4.64784e-09, 6.77473e-10, 3.08186e-10, 3.16467e-09, 1.07018e-09,
02:12:33,7.95389e+06, 9.50656e-09, 4.59687e-09, 6.89623e-10,   2.918e-10, 3.30979e-09, 1.06486e-09,
02:13:17,7.9974e+06, 9.45656e-09, 4.64285e-09,  7.0606e-10, 2.99256e-10, 3.35653e-09,  1.1092e-09,
02:14:00,8.04092e+06, 9.45433e-09, 4.69126e-09, 7.07623e-10, 2.77434e-10, 3.25874e-09, 1.10348e-09,
02:14:41,8.08128e+06, 9.43622e-09, 4.65058e-09, 7.39649e-10, 2.82364e-10, 3.18871e-09, 1.09884e-09,
02:15:24,8.1248e+06, 9.38178e-09, 4.68353e-09,  7.5796e-10, 2.69747e-10, 3.39311e-09, 1.07119e-09,
02:16:08,8.16831e+06, 9.36756e-09,  4.6556e-09, 7.46673e-10, 2.61716e-10, 3.37564e-09, 1.08443e-09,
02:16:51,8.21183e+06, 9.29967e-09, 4.65074e-09,  7.7611e-10, 2.58867e-10, 3.30904e-09, 1.09535e-09,
02:17:35,8.25534e+06,   9.281e-09, 4.62846e-09, 7.85248e-10, 2.61892e-10, 3.33757e-09, 1.05914e-09,
02:18:18,8.29886e+06, 9.29456e-09, 4.62093e-09, 7.72549e-10, 2.50659e-10, 3.15869e-09, 1.07334e-09,
02:18:59,8.33922e+06, 9.27889e-09, 4.62195e-09, 7.89486e-10, 2.47288e-10, 3.21156e-09, 1.09005e-09,
02:19:42,8.38273e+06, 9.21222e-09, 4.57165e-09, 8.04236e-10, 2.51918e-10, 3.34936e-09, 1.10781e-09,
02:20:26,8.42625e+06, 9.23289e-09, 4.62252e-09, 8.12836e-10, 2.40807e-10, 3.24574e-09, 1.10815e-09,
02:21:08,8.46882e+06, 9.19344e-09, 4.56935e-09, 8.18086e-10, 2.45053e-10, 3.15407e-09, 1.06843e-09,
02:21:52,8.51234e+06,   9.231e-09, 4.58058e-09, 8.12223e-10, 2.41252e-10, 3.29172e-09, 1.07033e-09,
02:22:35,8.55585e+06, 9.15522e-09, 4.54076e-09, 8.28348e-10, 2.34664e-10, 3.13033e-09, 1.10928e-09,
02:23:19,8.59936e+06, 9.15711e-09, 4.53384e-09, 8.29586e-10, 2.38304e-10, 2.98192e-09, 1.08096e-09,
02:24:02,8.64288e+06, 9.16422e-09, 4.51573e-09, 8.43323e-10, 2.31378e-10, 3.22231e-09,  1.1037e-09,
02:24:46,8.68639e+06, 9.11289e-09, 4.44706e-09, 8.36336e-10,  2.1781e-10, 3.13465e-09, 1.09742e-09,
02:25:29,8.72991e+06, 9.08944e-09, 4.42299e-09,  8.4586e-10, 2.33266e-10,   3.116e-09, 1.09755e-09,
02:26:13,8.77342e+06, 9.13311e-09,  4.4863e-09, 8.33323e-10,  2.2439e-10, 3.11481e-09, 1.06762e-09,
02:26:56,8.81694e+06, 9.09044e-09, 4.44274e-09,  8.4801e-10, 2.16574e-10, 3.11032e-09, 1.11367e-09,
02:27:37,8.8573e+06, 9.07433e-09, 4.40892e-09,  8.4301e-10, 2.14684e-10, 3.26858e-09, 1.07725e-09,
02:28:20,8.90082e+06, 9.03311e-09, 4.39415e-09, 8.35548e-10, 2.17418e-10, 3.08763e-09, 1.05418e-09,
02:29:04,8.94433e+06,   9.041e-09,  4.3826e-09, 8.19536e-10, 2.18547e-10, 3.06464e-09, 1.08504e-09,
02:29:47,8.98784e+06, 9.03422e-09, 4.34491e-09, 8.57286e-10, 2.24844e-10, 3.05283e-09, 1.11423e-09,
02:30:31,9.03136e+06,   8.955e-09, 4.34069e-09, 8.57036e-10, 2.23216e-10, 3.09882e-09, 1.11502e-09,
02:31:14,9.07487e+06, 8.97956e-09, 4.26742e-09,  8.4466e-10, 2.13609e-10, 2.89144e-09, 1.11961e-09,
02:31:58,9.11838e+06, 8.95311e-09, 4.28907e-09, 8.58086e-10, 2.30449e-10, 3.16168e-09, 1.11665e-09,
02:32:41,9.1619e+06, 8.91222e-09, 4.24825e-09,  8.8726e-10, 2.15683e-10, 3.17617e-09, 1.14433e-09,
02:33:25,9.20541e+06, 8.93856e-09,  4.2587e-09,  8.7241e-10, 2.06806e-10, 2.91906e-09, 1.13112e-09,
02:34:08,9.24893e+06, 8.92011e-09, 4.25555e-09, 8.63398e-10, 2.08258e-10, 3.09703e-09, 1.08856e-09,
02:34:46,9.28614e+06, 8.94333e-09,  4.2503e-09, 8.32086e-10, 2.07935e-10, 3.11421e-09, 1.12025e-09,
02:35:29,9.32966e+06, 8.95022e-09, 4.24501e-09, 8.59623e-10, 2.13464e-10, 3.01149e-09, 1.09938e-09,
02:36:13,9.37317e+06,   8.895e-09, 4.20756e-09, 8.67536e-10,   2.104e-10, 2.96699e-09, 1.11785e-09,
02:36:53,9.41353e+06, 8.89222e-09, 4.20515e-09, 8.63436e-10, 2.11429e-10, 2.79857e-09, 1.13036e-09,
02:37:33,9.4539e+06, 8.85333e-09, 4.16996e-09, 8.60923e-10, 1.97576e-10, 3.00894e-09, 1.12672e-09,
